{
    "train_loss": [
        1.8415043319012485,
        1.794292617517676,
        1.7611172393216925
    ],
    "train_acc": [
        0.13333333333333333,
        0.18531073446327684,
        0.23502824858757063
    ],
    "val_loss": [
        1.7903717208553005,
        1.7694545436549831,
        1.7426458844193466
    ],
    "val_acc": [
        0.17567567567567569,
        0.21621621621621623,
        0.24324324324324326
    ]
}