{
    "train_loss": [
        1.841778517442908,
        1.7215924444845168,
        1.6478864646900846
    ],
    "train_acc": [
        0.21694915254237288,
        0.2677966101694915,
        0.32429378531073444
    ],
    "val_loss": [
        1.7827902151657655,
        1.6829597144513517,
        1.6141675291834652
    ],
    "val_acc": [
        0.23873873873873874,
        0.33783783783783783,
        0.3783783783783784
    ]
}